client,invoice_no,issue_date,amount,due_date,paid_date,paid_amount
丸山製作所,INV-202609-001,2026-09-30,520300,2026-10-30,,0
北斗デザイン,INV-202609-002,2026-09-25,abc,2026-10-25,,0
東和建設,INV-202609-003,2026-13-05,1069200,2026-10-20,,0
サクラ食品,INV-202609-004,2026-09-28,283800,2026-09-01,,0
アルファ物流,INV-202609-005,2026-09-15,245300,2026-10-15,2026-10-10,300000
ミドリ薬局,INV-202609-006,2026-09-30,215600,2026-10-30,,50000
セイコー電気,INV-202609-001,2026-09-30,476300,2026-10-30,,0
,INV-202609-008,2026-09-20,246400,2026-10-20,,0
ヤマト商会,INV-202609-009,2026-09-20,246400,2026-10-20,,
光洋印刷,INV-202609-010,2026-09-25,138600,2026-10-25,2026-10-05,138600
